Name,Author,Fiction / non-fiction,Primary Genre
Against The Loveless World,Susan Abulhawa,Fiction,Modern & Contemporary Fiction
Call me by your name,Andre Aciman,Fiction,Modern & Contemporary Fiction
The Gentleman from Peru,Andre Aciman,Fiction,Modern & Contemporary Fiction
The List ,Yomi Adegoke,Fiction,Modern & Contemporary Fiction
Martyr!,Kaveh Akbar,Fiction,Modern & Contemporary Fiction
Love Marriage,Monica Ali,Fiction,Modern & Contemporary Fiction
Carmen and Grace,Melissa Coss Aquino,Fiction,Modern & Contemporary Fiction
Falling Animals,Sheila Armstrong,Fiction,Modern & Contemporary Fiction
13 Ways of Looking at a Fat Girl,Mona Awad,Fiction,Modern & Contemporary Fiction
When We Were Birds,Ayanna Lloyd Banwo,Fiction,Modern & Contemporary Fiction
Voices of the Lost,Hoda Barakat,Fiction,Modern & Contemporary Fiction
The Vanishing Half,Brit Bennett,Fiction,Modern & Contemporary Fiction
Welcome to the Hyunam-Dong Bookshop,Hwang Bo-Reum,Fiction,Modern & Contemporary Fiction
The Ministry of Time,Kaliane Bradley,Fiction,Modern & Contemporary Fiction
The Cautious Traveller's Guide to the Wastelands,Sarah Brooks,Fiction,Modern & Contemporary Fiction
Hero,Katie Buckley,Fiction,Modern & Contemporary Fiction
The Five sorrowful mysteries of Andy africa,Stephen Buoro,Fiction,Modern & Contemporary Fiction
Queenie,Candice Carty-Williams,Fiction,Modern & Contemporary Fiction
Iron Annie,Luke Cassidy,Fiction,Modern & Contemporary Fiction
Small Pleasures,Clare Chambers,Fiction,Modern & Contemporary Fiction
Shy Creatures,Clare Chambers,Fiction,Modern & Contemporary Fiction
The Storm We Made,Vanessa Chan,Fiction,Modern & Contemporary Fiction
Homeseeking,Karissa Chen,Fiction,Modern & Contemporary Fiction
Piranesi,Susanna Clarke,Fiction,Modern & Contemporary Fiction
Piranesi,Susanna Clarke,Fiction,Modern & Contemporary Fiction
Cult Classic,Sloane Crosley,Fiction,Modern & Contemporary Fiction
Cult Classic,Sloane Crosley,Fiction,Modern & Contemporary Fiction
Speak to Me of Home,Jeanine Cummins,Fiction,Modern & Contemporary Fiction
Vox,Christina Dalcher,Fiction,Modern & Contemporary Fiction
The Stargazers,Harriet Evans,Fiction,Modern & Contemporary Fiction
"girl, woman, other",Bernardine Evaristo,Fiction,Modern & Contemporary Fiction
Nothing Special,Nicole Flattery,Fiction,Modern & Contemporary Fiction
Life Hacks for a Little Alien,Alice Franklin,Fiction,Modern & Contemporary Fiction
American Gods,Neil Gaiman,Fiction,Modern & Contemporary Fiction
Life and Soul of the Party,Mike Gayle,Fiction,Modern & Contemporary Fiction
Maame,Jessica George,Fiction,Modern & Contemporary Fiction
City of Girls,Elizabeth Gilbert,Fiction,Modern & Contemporary Fiction
Afterlives,Abdulrazak Gurnah,Fiction,Modern & Contemporary Fiction
All the Other Mothers Hate Me,Sarah Harman,Fiction,Modern & Contemporary Fiction
Orbital,Samantha Harvey,Fiction,Modern & Contemporary Fiction
"Really Good, Actually",Monica Heisey,Fiction,Modern & Contemporary Fiction
The Great Reclamation,Rachel Heng,Fiction,Modern & Contemporary Fiction
Other Peoples clothes,Calla Henkel,Fiction,Modern & Contemporary Fiction
Hungry Ghosts,Kevin Jared Hosein,Fiction,Modern & Contemporary Fiction
They're going to love you,Meg Howrey,Fiction,Modern & Contemporary Fiction
Klara and the sun,Kazou Ishiguro,Fiction,Modern & Contemporary Fiction
At Certain Points We Touch,Lauren John Joseph,Fiction,Modern & Contemporary Fiction
Trespasses,Louise Kennedy,Fiction,Modern & Contemporary Fiction
Grown Ups ,Marian Keyes,Fiction,Modern & Contemporary Fiction
The Eyes are the Best Part,Monika Kim,Fiction,Modern & Contemporary Fiction
Yellowface,R. F. Kuang,Fiction,Modern & Contemporary Fiction
Stolen ,Ann-Helen Laestadius,Fiction,Modern & Contemporary Fiction
No one is talking about this,Patricia Lockwood,Fiction,Modern & Contemporary Fiction
Fruit of the Dead,Rachel Lyon,Fiction,Modern & Contemporary Fiction
Life of Pi,Yann Martel,Fiction,Modern & Contemporary Fiction
Cleopatra and Frankenstein,Coco Mellors,Fiction,Modern & Contemporary Fiction
The Full Moon Coffee Shop,Mai Mochizuki,Fiction,Modern & Contemporary Fiction
Nightcrawling,Leila Mottley,Fiction,Modern & Contemporary Fiction
Girl one,Sara Flannery Murphy,Fiction,Modern & Contemporary Fiction
Girl one,Sara Flannery Murphy,Fiction,Modern & Contemporary Fiction
The Wild Card,Judy Murray,Fiction,Modern & Contemporary Fiction
The Offing,Benjamin Myers,Fiction,Modern & Contemporary Fiction
Cuddy,Benjamin Myers,Fiction,Modern & Contemporary Fiction
The Men,Sandra Newman,Fiction,Modern & Contemporary Fiction
Everything I Never Told You,Celeste Ng,Fiction,Modern & Contemporary Fiction
Everything I Never Told You,Celeste Ng,Fiction,Modern & Contemporary Fiction
You are Here ,David Nicholls,Fiction,Modern & Contemporary Fiction
Nesting,Roisin Odonnell,Fiction,Modern & Contemporary Fiction
The Rachel Incident,Caroline Odonoghue,Fiction,Modern & Contemporary Fiction
Ada's Realm,Sharon Dodua Otoo,Fiction,Modern & Contemporary Fiction
Isaac and the Egg,Bobby Palmer,Fiction,Modern & Contemporary Fiction
Small Hours,Bobby Palmer,Fiction,Modern & Contemporary Fiction
I'm a Fan,Sheena Patel,Fiction,Modern & Contemporary Fiction
Remarkably Bright Creatures,Shelby Van Pelt,Fiction,Modern & Contemporary Fiction
"Detransition, Baby",Torrey Peters,Fiction,Modern & Contemporary Fiction
The Bell Jar,Sylvia Plath,Fiction,Modern & Contemporary Fiction
Lost on Me,Veronica Raimo,Fiction,Modern & Contemporary Fiction
Such a Fun Age,Kiley Reid,Fiction,Modern & Contemporary Fiction
Hotel 21,Senta Rich,Fiction,Modern & Contemporary Fiction
The Last Boyfriend,Nora Roberts,Fiction,Modern & Contemporary Fiction
The Next Always,Nora Roberts,Fiction,Modern & Contemporary Fiction
The Perfect Hope,Nora Roberts,Fiction,Modern & Contemporary Fiction
Normal People,Sally Rooney,Fiction,Modern & Contemporary Fiction
"Beautiful World, Where Are You",Sally Rooney,Fiction,Modern & Contemporary Fiction
House of Trelawney,Hannah Rothschild,Fiction,Modern & Contemporary Fiction
Ordinary Love,Marie Rutkoski,Fiction,Modern & Contemporary Fiction
A Theatre for Dreamers,Polly Samson,Fiction,Modern & Contemporary Fiction
I Wish We Weren't Related,Radhika Sanghani,Fiction,Modern & Contemporary Fiction
The Lovely Bones,Alice Sebold,Fiction,Modern & Contemporary Fiction
Best of Friends,Kamila Shamsie,Fiction,Modern & Contemporary Fiction
Chronicles from the Land of the Happiest People on Earth,Wole Soyinka,Fiction,Modern & Contemporary Fiction
The Listeners,Maggie Stiefvater,Fiction,Modern & Contemporary Fiction
Together We Will Go,J. Michael Straczynski,Fiction,Modern & Contemporary Fiction
Memphis,Tara M. Stringfellow,Fiction,Modern & Contemporary Fiction
Animal,Lisa Taddeo,Fiction,Modern & Contemporary Fiction
The Secret History,Donna Tartt,Fiction,Modern & Contemporary Fiction
Maror,Lavie Tidhar,Fiction,Modern & Contemporary Fiction
Spoilt Creatures,Amy Twigg,Fiction,Modern & Contemporary Fiction
Who Wants to Live Forever,Hanna Thomas Uose,Fiction,Modern & Contemporary Fiction
On Earth We're Briefly Gorgeous,Ocean Vuong,Fiction,Modern & Contemporary Fiction
I'm Sorry You Feel That Way,Rebecca Wait,Fiction,Modern & Contemporary Fiction
Metronome,Tom Watson,Fiction,Modern & Contemporary Fiction
Cleaner,Brandi Wells,Fiction,Modern & Contemporary Fiction
Crook Manifesto,Colson Whitehead,Fiction,Modern & Contemporary Fiction
A Little Life,Hanya Yanagihara,Fiction,Modern & Contemporary Fiction
The Shadow of the Wind,Carlos Ruiz Zafon,Fiction,Modern & Contemporary Fiction
The Angel's Game,Carlos Ruiz Zafon,Fiction,Modern & Contemporary Fiction
Tomorrow and Tomorrow and Tomorrow,Gabrielle Zevin,Fiction,Modern & Contemporary Fiction
How Much of These Hills is Gold,C Pam Zhang,Fiction,Modern & Contemporary Fiction
The End of the World is a Cul De Sac,Louise Kennedy,Fiction,Short Stories
Ghost Lover,Lisa Taddeo,Fiction,Short Stories
Today a Woman Went Mad in the Supermarket,Hilma Wolitzer,Fiction,Short Stories
The DaVinci Code,Dan Brown,Fiction,Crime & Mystery
The Flower Girls,Alice Clark-Platts,Fiction,Crime & Mystery
The Cove,Alice Clark-Platts,Fiction,Crime & Mystery
Love Letters to a Serial Killer,Tasha Coryell,Fiction,Crime & Mystery
First Lie Wins,Ashley Elston,Fiction,Crime & Mystery
The Guest List,Lucy Foley,Fiction,Crime & Mystery
The Paris Apartment,Lucy Foley,Fiction,Crime & Mystery
The Appeal,Janice Hallett,Fiction,Crime & Mystery
A Haunting on the Hill,Elizabeth Hand,Fiction,Crime & Mystery
The summer party,Rebecca Heath,Fiction,Crime & Mystery
Too Late,Colleen Hoover,Fiction,Crime & Mystery
The Skeleton Key,Erin Kelly,Fiction,Crime & Mystery
Dont swipe right ,L.M.Chilton,Fiction,Crime & Mystery
The Girl with the Dragon Tattoo,Stieg Larsson,Fiction,Crime & Mystery
All i said was true,Imran Mahmood,Fiction,Crime & Mystery
Hokey Pokey,Kate Mascarenhas,Fiction,Crime & Mystery
Reprieve,James Han Mattson,Fiction,Crime & Mystery
Little Nothings,Julie Mayhew,Fiction,Crime & Mystery
West Heart Kill,Dann Mcdorman,Fiction,Crime & Mystery
The Housemaid,Freida Mcfadden,Fiction,Crime & Mystery
The Fury,Alex Michaelides,Fiction,Crime & Mystery
Untamed Shore,Silvia Moreno-Garcia,Fiction,Crime & Mystery
48 Clues into the Disappearance of My Sister,Joyce Carol Oates,Fiction,Crime & Mystery
The Thursday Murder Club,Richard Osman,Fiction,Crime & Mystery
If We Were Villains,M. L. Rio,Fiction,Crime & Mystery
The Kremlin Device,Chris Ryan,Fiction,Crime & Mystery
A Treachery of Spies,Manda Scott,Fiction,Crime & Mystery
The Consultant,Im Seong-Sun,Fiction,Crime & Mystery
Death of a Bookseller,Alice Slater,Fiction,Crime & Mystery
Home,Cailean Steed,Fiction,Crime & Mystery
The Devil and the Dark Water,Stuart Turton,Fiction,Crime & Mystery
The Seven Deaths of Evelyn Hardcastle,Stuart Turton,Fiction,Crime & Mystery
One by One,Ruth Ware,Fiction,Crime & Mystery
The Cheat Sheet,Sarah Adams,Fiction,Romance
Practice Makes Perfect,Sarah Adams,Fiction,Romance
"Beg, Borrow, or Steal",Sarah Adams,Fiction,Romance
Ghosts,Dolly Alderton,Fiction,Romance
Behind the Net,Stephanie Archer,Fiction,Romance
Terms and Conditions,Lauren Asher,Fiction,Romance
The Fine Print,Lauren Asher,Fiction,Romance
Final Offer,Lauren Asher,Fiction,Romance
"Love, Redesigned",Lauren Asher,Fiction,Romance
The Book Swap,Tessa Bickers,Fiction,Romance
Out on a Limb,Hannah Bonam-Young,Fiction,Romance
Lovelight Farms,B.K. Borison,Fiction,Romance
Mixed Signals,B.K. Borison,Fiction,Romance
Songs in ursa major,Emma Brodie,Fiction,Romance
From Now Until Forever,Rowan Coleman,Fiction,Romance
Riders,Jilly Cooper,Fiction,Romance
Funny Feelings,Tarah Dewitt,Fiction,Romance
The start of something,Miranda Dickinson,Fiction,Romance
12 Hours to Say I Love You,Olivia Poulet And Laurence Dobiesz,Fiction,Romance
Ever After,Kate Eberlen,Fiction,Romance
The Favourites,Layne Fargo,Fiction,Romance
Meet Me at the Lake,Carley Fortune,Fiction,Romance
Bad Publicity,Bianca Gillam,Fiction,Romance
Icebreaker,Hannah Grace,Fiction,Romance
Wildfire,Hannah Grace,Fiction,Romance
One on One,Jamie Harrow,Fiction,Romance
Magnolia Parks,Jessa Hastings,Fiction,Romance
Daisy Haites,Jessa Hastings,Fiction,Romance
Magnolia Parks: Into the Dark,Jessa Hastings,Fiction,Romance
Magnolia Parks: The Long Way Home,Jessa Hastings,Fiction,Romance
Daisy Haites: The Great Undoing,Jessa Hastings,Fiction,Romance
The Love Hypothesis,Ali Hazelwood,Fiction,Romance
"Love, Theoretically",Ali Hazelwood,Fiction,Romance
Check & Mate,Ali Hazelwood,Fiction,Romance
Bride,Ali Hazelwood,Fiction,Romance
Not in Love,Ali Hazelwood,Fiction,Romance
Deep End,Ali Hazelwood,Fiction,Romance
The Queue,Alexandra Heminsley,Fiction,Romance
Funny Story,Emily Henry,Fiction,Romance
Book Lovers,Emily Henry,Fiction,Romance
It ends with us,Colleen Hoover,Fiction,Romance
Ugly Love,Colleen Hoover,Fiction,Romance
It Starts With Us,Colleen Hoover,Fiction,Romance
Twisted Love,Ana Huang,Fiction,Romance
King of Wrath,Ana Huang,Fiction,Romance
Twisted Games,Ana Huang,Fiction,Romance
You me everything,Catherine Isaac,Fiction,Romance
Just For the Summer,Abby Jimenez,Fiction,Romance
Never Greener,Ruth Jones,Fiction,Romance
Summer at Sandcastle Cottage,Christina Jones,Fiction,Romance
Collide,Bal Khabra,Fiction,Romance
How to End a Love Story,Yulin Kuang,Fiction,Romance
My own worst enemy,Lily Lindon,Fiction,Romance
Somewhere in the Crowd,Katrina Logan,Fiction,Romance
It's Not Me It's You,Mhairi Mcfarlane,Fiction,Romance
Nora Goes Off Script,Annabel Monaghan,Fiction,Romance
Same Time Next Summer,Annabel Monaghan,Fiction,Romance
Still me ,Jojo Moyes,Fiction,Romance
If Only I Had Told Her,Laura Nowlin,Fiction,Romance
The No-Show,Beth Oleary,Fiction,Romance
The Wake-Up Call,Beth Oleary,Fiction,Romance
The Road Trip,Beth Oleary,Fiction,Romance
Swept Away,Beth Oleary,Fiction,Romance
The Devil and the Deep Blue Sea,Elizabeth Oroark,Fiction,Romance
Asking for a Friend,Andi Osho,Fiction,Romance
First Down,Grace Reilly,Fiction,Romance
Stealing Home,Grace Reilly,Fiction,Romance
Breakaway,Grace Reilly,Fiction,Romance
Wicked Serve,Grace Reilly,Fiction,Romance
The One That Got Away,Charlotte Rixon,Fiction,Romance
Things We Never Got Over,Lucy Score,Fiction,Romance
Things We Hide From the Light,Lucy Score,Fiction,Romance
My Dark Romeo,Parker S. Huntington And L.J. Shen,Fiction,Romance
Archer's Voice,Mia Sheridan,Fiction,Romance
Flawless,Elsie Silver,Fiction,Romance
Reckless,Elsie Silver,Fiction,Romance
Heartless,Elsie Silver,Fiction,Romance
Hopeless,Elsie Silver,Fiction,Romance
Powerless,Elsie Silver,Fiction,Romance
The Hundred Loves of Juliet,Evelyn Skye,Fiction,Romance
Cross the Line,Simone Soltani,Fiction,Romance
The Hating Game,Sally Thorne,Fiction,Romance
Binding 13,Chloe Walsh,Fiction,Romance
Saving 6,Chloe Walsh,Fiction,Romance
Butcher & Blackbird,Brynne Weaver,Fiction,Romance
From Lukov With Love,Mariana Zapata,Fiction,Romance
The Handmaid's Tale,Margaret Atwood,Fiction,Classic Fiction
Wuthering Heights,Emily Bronte,Fiction,Classic Fiction
Wuthering Heights,Emily Bronte,Fiction,Classic Fiction
Wuthering Heights,Emily Bronte,Fiction,Classic Fiction
Alices adventures in wonderland,Lewis Carroll,Fiction,Classic Fiction
Poirot in the orient omnibus,Agatha Christie,Fiction,Classic Fiction
Mrs. Harris Goes to Paris,Paul Gallico,Fiction,Classic Fiction
The Wind in The Willows,Kenneth Grahame,Fiction,Classic Fiction
The phantom of the opera,Gaston Leroux,Fiction,Classic Fiction
The railway children,Edith Nesbit,Fiction,Classic Fiction
1984,George Orwell,Fiction,Classic Fiction
An Inspector Calls,J. B. Priestley,Fiction,Classic Fiction
The Little Prince,Antoine De Saint-Exupery,Fiction,Classic Fiction
Bloomsbury 35,Various Authors,Fiction,Literary Essays
The Peace of Wild Things,Wendell Berry,Fiction,Poetry
Tomorrow is Beautiful,Sarah Crossan,Fiction,Poetry
Thoughts Beneath the Scars,Adriana M. Giovanni,Fiction,Poetry
the sun and her flowers,Rupi Kaur,Fiction,Poetry
milk and honey,Rupi Kaur,Fiction,Poetry
"Starry Night, Blurry Dreams",Henn Kim,Fiction,Poetry
Falling Awake,Alice Oswald,Fiction,Poetry
I Wandered Lonely as a Cloud,Ana Sampson,Fiction,Poetry
The Sonnets and A Lover's Complaint,William Shakespeare,Fiction,Poetry
Ninth House,Leigh Bardugo,Fiction,Fantasy
Shanghai Immortal ,A. Y. Chao,Fiction,Fantasy
Jonathan Strange & Mr Norrell,Susanna Clarke,Fiction,Fantasy
The Binding,Bridget Collins,Fiction,Fantasy
The Silence Factory,Bridget Collins,Fiction,Fantasy
Emily Wilde's Encyclopaedia of Faeries,Heather Fawcett,Fiction,Fantasy
Once Upon a Broken Heart,Stephanie Garber,Fiction,Fantasy
The Ballad of Never After,Stephanie Garber,Fiction,Fantasy
A Curse For True Love,Stephanie Garber,Fiction,Fantasy
A Dowry of Blood,S.T. Gibson,Fiction,Fantasy
One Dark Window,Rachel Gillig,Fiction,Fantasy
Two Twisted Crowns,Rachel Gillig,Fiction,Fantasy
Belladonna,Adalyn Grace,Fiction,Fantasy
Foxglove,Adalyn Grace,Fiction,Fantasy
The Hurricane Wars,Thea Guanzon,Fiction,Fantasy
A Discovery of Witches,Deborah Harkness,Fiction,Fantasy
Quicksilver,Callie Hart,Fiction,Fantasy
A Witch's Guide to Fake Dating a Demon,Sarah Hawley,Fiction,Fantasy
Alice,Christina Henry,Fiction,Fantasy
The Raven Scholar,Antonia Hodgson,Fiction,Fantasy
A Fate Inked in Blood,Danielle L. Jensen,Fiction,Fantasy
Glow,Raven Kennedy,Fiction,Fantasy
Gleam,Raven Kennedy,Fiction,Fantasy
Glint,Raven Kennedy,Fiction,Fantasy
Gild,Raven Kennedy,Fiction,Fantasy
Fairy Tale,Stephen King,Fiction,Fantasy
The Irresistible Urge to Fall For Your Enemy,Brigitte Knightley,Fiction,Fantasy
A Dance With the Fae Prince,Elise Kova,Fiction,Fantasy
Arcana Academy,Elise Kova,Fiction,Fantasy
Babel,R. F. Kuang,Fiction,Fantasy
The Dragon Republic,R. F. Kuang,Fiction,Fantasy
The Poppy War,R. F. Kuang,Fiction,Fantasy
The Book that Wouldn't Burn,Mark Lawrence,Fiction,Fantasy
Perilous Times,Thomas D Lee,Fiction,Fantasy
Kingdom of Ash,Sarah J. Maas,Fiction,Fantasy
Tower of Dawn,Sarah J. Maas,Fiction,Fantasy
Empire of Storms,Sarah J. Maas,Fiction,Fantasy
Queen of Shadows,Sarah J. Maas,Fiction,Fantasy
Heir of Fire,Sarah J. Maas,Fiction,Fantasy
Crown of Midnight,Sarah J. Maas,Fiction,Fantasy
Throne of Glass,Sarah J. Maas,Fiction,Fantasy
The Assassin's Blade,Sarah J. Maas,Fiction,Fantasy
House of Sky and Breath,Sarah J. Maas,Fiction,Fantasy
Throne of Glass,Sarah J. Maas,Fiction,Fantasy
Tower of Dawn,Sarah J. Maas,Fiction,Fantasy
Kingdom of Ash,Sarah J. Maas,Fiction,Fantasy
Crown of Midnight,Sarah J. Maas,Fiction,Fantasy
Heir Of Fire,Sarah J. Maas,Fiction,Fantasy
Throne of Glass,Sarah J. Maas,Fiction,Fantasy
A court of Thorns and Roses,Sarah J. Maas,Fiction,Fantasy
A court of mist and fury,Sarah J. Maas,Fiction,Fantasy
A Court of Wings and ruin,Sarah J. Maas,Fiction,Fantasy
A court of thorns and Roses -  Collectors edition,Sarah J. Maas,Fiction,Fantasy
The Assassins blade,Sarah J. Maas,Fiction,Fantasy
House of Earth and Blood,Sarah J. Maas,Fiction,Fantasy
House of Sky and Breath,Sarah J. Maas,Fiction,Fantasy
House of Sky and Breath,Sarah J. Maas,Fiction,Fantasy
A Court of Silver Flames,Sarah J. Maas,Fiction,Fantasy
A Court of Frost and Starlight,Sarah J. Maas,Fiction,Fantasy
House of Flame and Shadow,Sarah J. Maas,Fiction,Fantasy
A Game of Thrones,George R.R Martin,Fiction,Fantasy
A Dance with dragons 1: Dreams and Dust,George R.R Martin,Fiction,Fantasy
A Feast For Crows,George R.R Martin,Fiction,Fantasy
A Storm of Sword 2: Blood and Gold,George R.R Martin,Fiction,Fantasy
A Dance With Dragons 2: After the Feast,George R.R Martin,Fiction,Fantasy
A Storm of Swords 1: Steel and Snow,George R.R Martin,Fiction,Fantasy
A Knight of the Seven Kingdoms,George R.R Martin,Fiction,Fantasy
Ordinary Monsters,J.M. Miro,Fiction,Fantasy
The Book of Azrael,Amber V. Nicole,Fiction,Fantasy
The Stars are Dying,Chloe C. Penaranda,Fiction,Fantasy
The Colour of Magic,Terry Pratchett,Fiction,Fantasy
A Study in Drowning,Ava Reid,Fiction,Fantasy
Powerless,Lauren Roberts,Fiction,Fantasy
Divine Rivals,Rebecca Ross,Fiction,Fantasy
The Wise Man's Fear,Patrick Rothfuss,Fiction,Fantasy
The Slow Regard of Silent Things,Patrick Rothfuss,Fiction,Fantasy
The Narrow Road Between Desires,Patrick Rothfuss,Fiction,Fantasy
The Way of Kings,Brandon Sanderson,Fiction,Fantasy
Words of Radiance Part 2,Brandon Sanderson,Fiction,Fantasy
Words of Radiance Part 1,Brandon Sanderson,Fiction,Fantasy
Tress of the Emerald Sea,Brandon Sanderson,Fiction,Fantasy
The Well of Ascension,Brandon Sanderson,Fiction,Fantasy
The Alloy of Law,Brandon Sanderson,Fiction,Fantasy
Shadows of Self,Brandon Sanderson,Fiction,Fantasy
The Bands of Mourning,Brandon Sanderson,Fiction,Fantasy
The Lost Metal,Brandon Sanderson,Fiction,Fantasy
The Hero of Ages,Brandon Sanderson,Fiction,Fantasy
Oathbringer Part Two,Brandon Sanderson,Fiction,Fantasy
Oathbringer Part One,Brandon Sanderson,Fiction,Fantasy
Rhythm of War Part One,Brandon Sanderson,Fiction,Fantasy
Rhythm of War Part Two,Brandon Sanderson,Fiction,Fantasy
Steelheart,Brandon Sanderson,Fiction,Fantasy
Firefight,Brandon Sanderson,Fiction,Fantasy
Calamity,Brandon Sanderson,Fiction,Fantasy
Mitosis,Brandon Sanderson,Fiction,Fantasy
Skyward,Brandon Sanderson,Fiction,Fantasy
Starsight,Brandon Sanderson,Fiction,Fantasy
Skyward Flight,Brandon Sanderson,Fiction,Fantasy
Cytonic,Brandon Sanderson,Fiction,Fantasy
Defiant,Brandon Sanderson,Fiction,Fantasy
The Witcher: The Last Wish,Andrzej Sapkowski,Fiction,Fantasy
The Witcher: Sword of Destiny,Andrzej Sapkowski,Fiction,Fantasy
The Invisible Life of Addie LaRue,V. E. Schwab,Fiction,Fantasy
A Darker Shade of Magic,V. E. Schwab,Fiction,Fantasy
A Gathering of Shadows,V. E. Schwab,Fiction,Fantasy
A Day of Fallen Night,Samantha Shannon,Fiction,Fantasy
A Day of Fallen Night,Samantha Shannon,Fiction,Fantasy
The Priory of the Orange Tree,Samantha Shannon,Fiction,Fantasy
Phantasma,Kaylie Smith,Fiction,Fantasy
Trial of the Sun Queen,Nisha J. Tuli,Fiction,Fantasy
Nettle and bone,T. Kingfisher (Ursula Vernon),Fiction,Fantasy
The First Binding,R. R. Virdi,Fiction,Fantasy
Legacy of Ash,Matthew Ward,Fiction,Fantasy
Fourth Wing,Rebecca Yarros,Fiction,Fantasy
Fourth Wing,Rebecca Yarros,Fiction,Fantasy
Fourth Wing,Rebecca Yarros,Fiction,Fantasy
Iron Flame,Rebecca Yarros,Fiction,Fantasy
Iron Flame,Rebecca Yarros,Fiction,Fantasy
Fourth Wing (sprayed edge),Rebecca Yarros,Fiction,Fantasy
The Unmaking of June Farrow,Adrienne Young,Fiction,Fantasy
The Hitchhikers guide to the galaxy,Douglas Adams,Fiction,Science Fiction
Thunderhead,Douglas Preston & Lincoln Child,Fiction,Science Fiction
The Ferryman,Justin Cronin,Fiction,Science Fiction
This is How You Lose the Time War,Max Gladstone,Fiction,Science Fiction
Dune,Frank Herbert,Fiction,Science Fiction
The Three-Body Problem,Cixin Liu,Fiction,Science Fiction
The Dark Forest,Cixin Liu,Fiction,Science Fiction
Death's End,Cixin Liu,Fiction,Science Fiction
How high we go in the dark,Sequoia Nagamatsu,Fiction,Science Fiction
Lost in Time,A.G. Riddle,Fiction,Science Fiction
Meet Me in Another Life,Catriona Silvey,Fiction,Science Fiction
Children of Time,Adrian Tchaikovsky,Fiction,Science Fiction
Some Desperate Glory,Emily Tesh,Fiction,Science Fiction
Red Queen,Victoria Aveyard,Fiction,Young Adult
War Storm,Victoria Aveyard,Fiction,Young Adult
King's Cage,Victoria Aveyard,Fiction,Young Adult
Glass Sword,Victoria Aveyard,Fiction,Young Adult
Rule of Wolves,Leigh Bardugo,Fiction,Young Adult
King of Scars,Leigh Bardugo,Fiction,Young Adult
Six of Crows,Leigh Bardugo,Fiction,Young Adult
Crooked Kingdom,Leigh Bardugo,Fiction,Young Adult
Shadow and Bone,Leigh Bardugo,Fiction,Young Adult
Siege and Storm,Leigh Bardugo,Fiction,Young Adult
Ruin and Rising,Leigh Bardugo,Fiction,Young Adult
Crooked Kingdom,Leigh Bardugo,Fiction,Young Adult
This Wicked Fate,Kalynn Bayron,Fiction,Young Adult
You're Not Supposed to Die Tonight,Kalynn Bayron,Fiction,Young Adult
Silver in the Bone,Alexandra Bracken,Fiction,Young Adult
medusa,Jessie Burton,Fiction,Young Adult
The Nightblood Prince,Molly X. Chang,Fiction,Young Adult
The Ballad of Songbirds & Snakes,Suzanne Collins,Fiction,Young Adult
Skyestone,Adriana M. Giovanni,Fiction,Young Adult
Immortal Dark,Tigest Girma,Fiction,Young Adult
"Good Girl, Bad Blood",Holly Jackson,Fiction,Young Adult
As Good as Dead,Holly Jackson,Fiction,Young Adult
As Long As The Lemon Trees Grow,Zoulfa Katouh,Fiction,Young Adult
Forging Silver into Stars,Brigid Kemmerer,Fiction,Young Adult
Defy the Night,Brigid Kemmerer,Fiction,Young Adult
Defend the Dawn,Brigid Kemmerer,Fiction,Young Adult
A Curse So Dark and Lonely,Brigid Kemmerer,Fiction,Young Adult
A Heart So Fierce and Broken,Brigid Kemmerer,Fiction,Young Adult
A Vow So Bold and Deadly,Brigid Kemmerer,Fiction,Young Adult
Catfish Rolling,Clara Kumagai,Fiction,Young Adult
Destroy Me,Tahereh Mafi,Fiction,Young Adult
Shatter Me,Tahereh Mafi,Fiction,Young Adult
Unravel Me,Tahereh Mafi,Fiction,Young Adult
Ignite Me,Tahereh Mafi,Fiction,Young Adult
Restore Me,Tahereh Mafi,Fiction,Young Adult
Defy Me,Tahereh Mafi,Fiction,Young Adult
The Darkening,Sunya Mara,Fiction,Young Adult
The knife of never letting go,Patrick Ness,Fiction,Young Adult
The ask and the answer,Patrick Ness,Fiction,Young Adult
Monsters of Men,Patrick Ness,Fiction,Young Adult
If He Had Been With Me,Laura Nowlin,Fiction,Young Adult
Heartstopper 2,Alice Oseman,Fiction,Young Adult
Better than the Movies,Lynn Painter,Fiction,Young Adult
Powerful,Lauren Roberts,Fiction,Young Adult
Ruthless Vows,Rebecca Ross,Fiction,Young Adult
Aristotle and Dante Discover the Secrets of the Universe,Bejamin Alire Saenz,Fiction,Young Adult
Anatomy,Dana Schwartz,Fiction,Young Adult
They Both Die at the End,Adam Silvera,Fiction,Young Adult
Our Infinite Fates,Laura Steven,Fiction,Young Adult
She is a Haunting,Trang Thanh Tran,Fiction,Young Adult
Let's Split Up,Bill Wood,Fiction,Young Adult
The Watcher in the Shadows,Carlos Ruiz Zafon,Fiction,Young Adult
The Lies We Tell,Katie Zhao,Fiction,Young Adult
How We Fall Apart,Katie Zhao,Fiction,Young Adult
"October, October",Katya Balen,Fiction,Childrens & Teenage
How to Train Your Dragon,Cressida Cowell,Fiction,Childrens & Teenage
Toffee,Sarah Crossan,Fiction,Childrens & Teenage
One,Sarah Crossan,Fiction,Childrens & Teenage
The Medusa Project: Hunted,Sophie Mckenzie,Fiction,Childrens & Teenage
Northern Lights,Philip Pullman,Fiction,Childrens & Teenage
Northern Lights,Philip Pullman,Fiction,Childrens & Teenage
The Subtle Knife,Philip Pullman,Fiction,Childrens & Teenage
The Amber Spyglass,Philip Pullman,Fiction,Childrens & Teenage
The Great Godden,Meg Rosoff,Fiction,Childrens & Teenage
Quidditch Through the Ages,J. K. Rowling,Fiction,Childrens & Teenage
The Tales of Beedle the Bard,J. K. Rowling,Fiction,Childrens & Teenage
Fantastic Beasts and Where to Find Them,J. K. Rowling,Fiction,Childrens & Teenage
Harry Potter and the Philosopher's Stone,J. K. Rowling,Fiction,Childrens & Teenage
Harrius Potter et Philosophi Lapis,J. K. Rowling,Fiction,Childrens & Teenage
Harry Potter and the Chamber of Secrets,J. K. Rowling,Fiction,Childrens & Teenage
Harry Potter and the Philosopher's Stone,J. K. Rowling,Fiction,Childrens & Teenage
Harry Potter and the Prisoner of Azkaban,J. K. Rowling,Fiction,Childrens & Teenage
Harry Potter and the Goblet of Fire,J. K. Rowling,Fiction,Childrens & Teenage
Harry Potter and the Order of the Phoenix,J. K. Rowling,Fiction,Childrens & Teenage
Harry Potter and the Half Blood Prince,J. K. Rowling,Fiction,Childrens & Teenage
Harry Potter and the Deathly Hallows,J. K. Rowling,Fiction,Childrens & Teenage
The Gravity of Us,Phil Stamper,Fiction,Childrens & Teenage
As Far As You'll Take Me,Phil Stamper,Fiction,Childrens & Teenage
Golden Boys,Phil Stamper,Fiction,Childrens & Teenage
Blood to Poison,Mary Watson,Fiction,Childrens & Teenage
Love is a Revolution,Renee Watson,Fiction,Childrens & Teenage
Half of a Yellow Sun,Chimamanda Ngozi Adichie,Fiction,Historical Fiction
A Long Petal Of The Sun,Isabel Allende,Fiction,Historical Fiction
Violeta,Isabel Allende,Fiction,Historical Fiction
Violeta,Isabel Allende,Fiction,Historical Fiction
The Leviathan,Rosie Andrews,Fiction,Historical Fiction
Conjure Women,Afia Atakora,Fiction,Historical Fiction
The Haunting Season,Bridget Collins,Fiction,Historical Fiction
No Life for a Lady,Hannah Dolby,Fiction,Historical Fiction
James,Percival Everett,Fiction,Historical Fiction
The Evening and the Morning,Ken Follett,Fiction,Historical Fiction
Mischief Acts,Zoe Gilbert,Fiction,Historical Fiction
Diva,Daisy Goodwin,Fiction,Historical Fiction
The House with the golden door,Elodie Harper,Fiction,Historical Fiction
The Wolf Den,Elodie Harper,Fiction,Historical Fiction
The Housekeepers,Alex Hay,Fiction,Historical Fiction
Last house before the mountain,Monika Helfer,Fiction,Historical Fiction
The Librairian of Auschwitz,Antonio Iturbe,Fiction,Historical Fiction
Black Wolf,Kathleen Kent,Fiction,Historical Fiction
A Sign of Her Own ,Sarah Marsh,Fiction,Historical Fiction
Labyrinth,Kate Mosse,Fiction,Historical Fiction
The Marriage Portrait,Maggie Ofarrell,Fiction,Historical Fiction
The Ghost Theatre,Mat Osman,Fiction,Historical Fiction
The Beasts of Paris,Steff Penney,Fiction,Historical Fiction
The Bedlam Stacks,Natasha Pulley,Fiction,Historical Fiction
The Whispering Muse,Laura Purcell,Fiction,Historical Fiction
Lady Macbethad,Isabelle Schuler,Fiction,Historical Fiction
River Sing Me Home,Eleanor Shearer,Fiction,Historical Fiction
The Fox Wife,Yangsze Choo,Fiction,Myths & Legends
Heroes,Stephen Fry,Fiction,Myths & Legends
Troy,Stephen Fry,Fiction,Myths & Legends
Mythos,Stephen Fry,Fiction,Myths & Legends
The Song of Achilles,Madeline Miller,Fiction,Myths & Legends
Galatea,Madeline Miller,Fiction,Myths & Legends
Circe,Madeline Miller,Fiction,Myths & Legends
The Song of Achilles,Madeline Miller,Fiction,Myths & Legends
House of Odysseus,Claire North,Fiction,Myths & Legends
Atalanta,Jennifer Saint,Fiction,Myths & Legends
Ariadne,Jennifer Saint,Fiction,Myths & Legends
Elektra,Jennifer Saint,Fiction,Myths & Legends
Disney Quotes to Live Your Life By,Walt Disney,Fiction,Gifts
Beautiful Daughter,Jenny Kempe,Fiction,Gifts
How Should One Read a Book?,Virginia Woolf,Non-Fiction,Literary Essays
Genius and Ink,Virginia Woolf,Non-Fiction,Literary Essays
Alex's Adventures in Numberland,Alex Bellos,Non-Fiction,Popular Science
Superintelligence,Nick Bostrom,Non-Fiction,Popular Science
A short history of nearly everything,Bill Bryson,Non-Fiction,Popular Science
The Body,Bill Bryson,Non-Fiction,Popular Science
The Selfish Gene,Richard Dawkins,Non-Fiction,Popular Science
The Selfish Gene,Richard Dawkins,Non-Fiction,Popular Science
What Do You Care What Other People Think: Further Adventures of a Curious Character,Richard P. Feynman,Non-Fiction,Popular Science
The Obesity Code,Jason Fung,Non-Fiction,Popular Science
A brief history of time,Stephen Hawking,Non-Fiction,Popular Science
The man who loved only numbers ,Paul Hoffman,Non-Fiction,Popular Science
The Book Your Cat Wishes You Would Read,Lucy Hoile,Non-Fiction,Popular Science
Not A Wake,Michael Keith,Non-Fiction,Popular Science
A universe from nothing,Lawerence M Krauss,Non-Fiction,Popular Science
What If?,Randall Munroe,Non-Fiction,Popular Science
How To  ,Randall Munroe,Non-Fiction,Popular Science
Humble Pi,Matt Parker,Non-Fiction,Popular Science
Many Things Under a Rock,David Scheel,Non-Fiction,Popular Science
The Matter of Everything,Suzie Sheehy,Non-Fiction,Popular Science
A Brief History of Black Holes,Dr Becky Smethurst,Non-Fiction,Popular Science
Calling Bullshit,Carl T. Bergstrom & Jevin D. West,Non-Fiction,Popular Science
Building Machine Learning Powered Applications,Emmanuel Ameisen,Non-Fiction,Academic
Data Interpretation for Medical Students,Paul Hamilton And Ian Bickle,Non-Fiction,Academic
The Mammoth Book of Chess,Graham Burgess,Non-Fiction,Academic
Nuclear Physics,Frank Close,Non-Fiction,Academic
Economics,Partha Dasgupta,Non-Fiction,Academic
Mastering Chess Strategy,Johan Hellsten,Non-Fiction,Academic
Couping Rydberg atoms to superconducting microwave circuits,Alexandre Morgan,Non-Fiction,Academic
"Fashion, Faith and Fantasy in the New Physics of the Universe",Roger Penrose,Non-Fiction,Academic
Oxford Concise Medical Dictionary,Oxford University Press,Non-Fiction,Academic
The Feynman Lectures on Physics Volume 2,"Feynman, Leighton, And Sands",Non-Fiction,Academic
The Feynman Lectures on Physics Volume 1,"Feynman, Leighton, And Sands",Non-Fiction,Academic
The Feynman Lectures on Physics Volume 3,"Feynman, Leighton, And Sands",Non-Fiction,Academic
Marx,Peter Singer,Non-Fiction,Academic
Essential Medical Statistics,Betty R. Kirkwood And Jonathan A. C. Sterne,Non-Fiction,Academic
Prof Alan Turing Decoded,Dermot Turing,Non-Fiction,Academic
The First 3 Minutes,Steven Weinberg,Non-Fiction,Academic
Outraged,Ashley Dotty Charles,Non-Fiction,Sociology
Why I'm No Longer Talking To White People About Race,Reni Eddo-Lodge,Non-Fiction,Sociology
Sapiens,Yuval Noah Harari,Non-Fiction,Sociology
Homo Deus,Yuval Noah Harari,Non-Fiction,Sociology
Why Did You Stay?,Rebecca Humphries,Non-Fiction,Sociology
Modern Romance,Aziz Ansari And Eric Klinenberg,Non-Fiction,Sociology
You are not alone,Cariad Lloyd,Non-Fiction,Sociology
The Great Experiment,Yascha Mounk,Non-Fiction,Sociology
Give Great Presentations,Bloomsbury Publishing,Non-Fiction,Sociology
Our Final Century,Martin Rees,Non-Fiction,Sociology
Good Relations,Janet Reibstein,Non-Fiction,Sociology
Not a Diet Book,James Smith,Non-Fiction,Sociology
Everybody Lies,Seth Stephens-Davidowitz,Non-Fiction,Sociology
Humankind ,Rutger Bregman,Non-Fiction,Philosophy
The God Delusion,Richard Dawkins,Non-Fiction,Philosophy
The God Delusion,Richard Dawkins,Non-Fiction,Philosophy
Monsters,Claire Dederer,Non-Fiction,Philosophy
12 Rules for Life,Jordan B. Peterson,Non-Fiction,Philosophy
101 Essays That Will Change the Way You Think,Brianna Wiest,Non-Fiction,Philosophy
Settlers,Jimi Famurewa,Non-Fiction,History
The Story of Russia,Orlando Figes,Non-Fiction,History
Alexandria,Islam Issa,Non-Fiction,History
The World According to David Hockney,Thames&Hudson,Non-Fiction,History
Brilliant Maps,Ian Wright,Non-Fiction,History
Women Don't Owe You Pretty,Florence Given,Non-Fiction,Feminist Theory
Hood Feminism,Mikki Kendall,Non-Fiction,Feminist Theory
The masters tools will never dismantle the masters house,Audre Lorde,Non-Fiction,Feminist Theory
Strong Female Lead,Arwa Mahdawi,Non-Fiction,Feminist Theory
Three Women ,Lisa Taddeo,Non-Fiction,Feminist Theory
A visible Man,Edward Enninful,Non-Fiction,Memoirs
Surely You're Joking Mr Feynman!,Richard P. Feynman,Non-Fiction,Memoirs
Eat Pray Love,Elizabeth Gilbert,Non-Fiction,Memoirs
An Astronaut's Guide to Life on Earth,Chris Hadfield,Non-Fiction,Memoirs
Notes on a nervous planet,Matt Haig,Non-Fiction,Memoirs
The Bookshop Woman,Nanako Hanada,Non-Fiction,Memoirs
View From the Summit,Sir Edmund Hillary,Non-Fiction,Memoirs
A Life Worth Living,Tommy Jessop,Non-Fiction,Memoirs
Deep Thinking,Garry Kasparov,Non-Fiction,Memoirs
This is Going to Hurt,Adam Kay,Non-Fiction,Memoirs
Twas the Nightshift Before Christmas,Adam Kay,Non-Fiction,Memoirs
I may be wrong,Bjorn Natthiko Lindeblad,Non-Fiction,Memoirs
Luka Modric,Luka Modric,Non-Fiction,Memoirs
How to be a woman,Caitlin Moran,Non-Fiction,Memoirs
Critical,Matt Morgan,Non-Fiction,Memoirs
Becoming,Michelle Obama,Non-Fiction,Memoirs
Midnight Chicken ,Ella Risbridger,Non-Fiction,Memoirs
I Want to Die But I Want to Eat Tteokbokki,Baek Sehee,Non-Fiction,Memoirs
I Want to Die But I Want to Eat Tteokbokki,Baek Sehee,Non-Fiction,Memoirs
A Man for All Markets,Edward O. Thorp,Non-Fiction,Memoirs
Once a King,Jane Marguerite Tippett,Non-Fiction,Memoirs
The Secret Barrister,Unknown,Non-Fiction,Memoirs
Spare,Harry Windsor,Non-Fiction,Memoirs
The Salt Path,Raynor Winn,Non-Fiction,Memoirs
Prosecco drinking games,Abbie Cammidge,Non-Fiction,Gifts
The GCHQ Puzzle Book II,Gchq,Non-Fiction,Gifts
The GCHQ Puzzle Book I ,Gchq,Non-Fiction,Gifts
Q&A a Day,Potter Gift,Non-Fiction,Gifts
"1,342 QI Facts to Leave You Flabbergasted","John Lloyd, John Mitchinson, James Harkin",Non-Fiction,Gifts
Posh Pocket Puzzles Wondrous Wordsearch,Na,Non-Fiction,Gifts
The Very Pointless Quiz Book,Alexander Armstrong And Richard Osman,Non-Fiction,Gifts
The Book Lover's Quiz Book,Gary Wigglesworth,Non-Fiction,Gifts
Nice,Cartoville,Non-Fiction,Travel & Holiday Guides
France,Dk Eyewitness,Non-Fiction,Travel & Holiday Guides
Amsterdam,Teresa Fisher,Non-Fiction,Travel & Holiday Guides
Channel coast of France,Paul Heiney,Non-Fiction,Travel & Holiday Guides
California  ,Apa Publications Limited,Non-Fiction,Travel & Holiday Guides
California State Map,Rand Mcnally,Non-Fiction,Travel & Holiday Guides
Time Out Paris Shortlist,Time Out,Non-Fiction,Travel & Holiday Guides
Scandinavia,Lonely Planet,Non-Fiction,Travel & Holiday Guides
Trekking in the Nepal Himalaya,Lonely Planet,Non-Fiction,Travel & Holiday Guides
Dubrovnik & The Dalmatian Coast,Lonely Planet,Non-Fiction,Travel & Holiday Guides
Reykjavik,Lonely Planet,Non-Fiction,Travel & Holiday Guides
Lonely Planet Best of India,Lonely Planet,Non-Fiction,Travel & Holiday Guides
Costa Rica,Lonely Planet,Non-Fiction,Travel & Holiday Guides
Coastal California,Lonely Planet,Non-Fiction,Travel & Holiday Guides
London,Lonely Planet,Non-Fiction,Travel & Holiday Guides
Menorca,Marco Polo,Non-Fiction,Travel & Holiday Guides
Snowdonia ,Mark Reeves,Non-Fiction,Travel & Holiday Guides
You are Here: Hikes,Blackwell & Ruth,Non-Fiction,Travel & Holiday Guides
SAS Survival Guide,John Lofty Wiseman,Non-Fiction,Travel & Holiday Guides
What Color is Your Parachute?,Richard N. Bolles,Non-Fiction,Careers
Think big,Dr Grace Lordan,Non-Fiction,Careers
Cracking the Coding Interview,Gayle Laakmann Mcdowell,Non-Fiction,Careers
Housebuilder's Bible,Mark Brinkley,Non-Fiction,Diy
Woodwork,Dk,Non-Fiction,Diy
The Green Roasting Tin,Rukmini Iyer,Non-Fiction,Cookery
Curry Everyday,Atul Kochhar,Non-Fiction,Cookery
Natural Flava,Craig & Shaun Mcanuff,Non-Fiction,Cookery
Peter Bakes,Peter Sawkins,Non-Fiction,Cookery
The Shared Table,Clare Scrine,Non-Fiction,Cookery
Bosh!,Henry Firth & Ian Theasby,Non-Fiction,Cookery
